Fecha,Área,Región,Casos,Tiempo_min,Satisfacción
2026-08-03,Finanzas,Centro,84,38.5,86
2026-08-03,Operaciones,Norte,105,47.2,78
2026-08-03,Ventas,Occidente,93,34.7,89
2026-08-03,Tecnología,Sur,61,51.4,81
2026-08-10,Finanzas,Norte,76,41.1,84
2026-08-10,Operaciones,Centro,112,45.6,79
2026-08-10,Ventas,Sur,98,36.9,91
2026-08-10,Tecnología,Occidente,68,48.8,83
2026-08-17,Finanzas,Occidente,91,39.8,88
2026-08-17,Operaciones,Sur,118,46.3,77
2026-08-17,Ventas,Centro,103,35.2,92
2026-08-17,Tecnología,Norte,72,49.5,85
2026-08-24,Finanzas,Sur,80,37.9,87
2026-08-24,Operaciones,Occidente,109,44.8,80
2026-08-24,Ventas,Norte,96,33.6,90
2026-08-24,Tecnología,Centro,75,47.1,86

